date, time, head, tempHJ1, tempHJ2, tempCJ1, tempCJ2, latitude, longitude, m/s
2024-7-29,10:59:44,111.59,19.12,19.50,20.75,21.00,43.78523254,-70.12350463,11.472
2024-7-29,10:59:57,139.36,19.06,19.50,20.75,21.00,43.78430175,-70.12203979,13.309
2024-7-29,11:0:10,138.50,19.00,19.50,20.75,21.00,43.78305053,-70.12065887,13.823
2024-7-29,11:0:24,131.74,19.00,19.44,20.75,21.00,43.78181076,-70.11894989,13.988
2024-7-29,11:0:37,130.53,19.06,19.44,20.75,21.00,43.78074264,-70.11726379,13.761
2024-7-29,11:0:50,125.23,19.12,19.50,20.75,21.00,43.77979278,-70.11547088,13.849
2024-7-29,11:1:03,133.54,19.25,19.56,20.75,21.00,43.77870941,-70.11379241,13.869
2024-7-29,11:1:16,126.85,19.37,19.56,20.75,21.00,43.77774810,-70.11199951,13.854
2024-7-29,11:1:29,141.65,19.44,19.62,20.75,21.00,43.77662658,-70.11038208,13.880
2024-7-29,11:1:42,151.75,19.44,19.87,20.75,21.25,43.77527618,-70.10910034,14.065
2024-7-29,11:1:55,158.96,19.50,19.62,20.75,21.00,43.77376937,-70.10810852,14.178
2024-7-29,11:2:09,155.16,19.50,19.50,20.75,21.00,43.77218246,-70.10715484,13.273
2024-7-29,11:2:22,165.36,19.37,19.50,20.75,21.00,43.77074432,-70.10648345,12.810
2024-7-29,11:2:35,162.69,19.37,19.44,20.75,21.00,43.76934051,-70.10588836,12.547
2024-7-29,11:2:48,164.78,19.00,19.37,20.75,21.00,43.76789474,-70.10540771,12.774
2024-7-29,11:3:01,162.35,18.87,19.44,20.75,21.00,43.76679611,-70.10480499,6.647
2024-7-29,11:3:14,152.71,18.87,19.50,20.50,21.00,43.76638031,-70.10459136,6.431
2024-7-29,11:3:27,147.33,18.87,19.75,21.00,21.25,43.76536941,-70.10370635,13.520
2024-7-29,11:3:40,158.56,18.87,19.50,20.75,21.00,43.76388168,-70.10276794,12.573
2024-7-29,11:3:54,161.64,18.87,19.50,20.75,21.00,43.76266479,-70.10225677,5.818
2024-7-29,11:4:07,153.35,18.87,19.69,20.75,21.00,43.76237106,-70.10210418,2.011
2024-7-29,11:4:20,158.46,18.87,19.75,20.75,21.00,43.76224517,-70.10200500,0.890
2024-7-29,11:4:33,158.46,18.87,19.94,20.75,21.00,43.76215744,-70.10195922,0.638
2024-7-29,11:4:46,158.46,18.94,20.00,20.75,21.00,43.76208496,-70.10194396,0.592
2024-7-29,11:4:59,198.77,18.94,20.12,20.50,21.00,43.76200866,-70.10194396,0.550
2024-7-29,11:5:12,198.77,20.12,20.12,20.50,21.00,43.76195526,-70.10195159,0.581
2024-7-29,11:5:25,198.77,20.75,20.19,20.50,21.00,43.76189422,-70.10196685,0.000
2024-7-29,11:5:39,198.77,20.37,20.25,20.75,21.00,43.76183700,-70.10198974,0.000
2024-7-29,11:5:52,198.77,20.12,20.25,20.75,21.00,43.76176452,-70.10202789,0.545
2024-7-29,11:6:05,198.77,20.00,20.37,20.75,21.00,43.76169967,-70.10205841,0.535
2024-7-29,11:6:18,198.77,19.94,20.25,20.50,20.75,43.76164245,-70.10207366,0.473
2024-7-29,11:6:31,198.77,19.94,20.62,20.50,21.00,43.76159286,-70.10209655,0.473
2024-7-29,11:6:44,198.77,19.69,19.62,20.50,21.00,43.76153564,-70.10213470,0.000
2024-7-29,11:6:57,238.17,18.56,18.44,20.50,20.75,43.76151657,-70.10214996,0.000
2024-7-29,11:7:11,238.17,18.31,18.12,20.50,20.75,43.76150894,-70.10214996,0.000
2024-7-29,11:7:24,238.17,18.12,18.25,20.75,21.00,43.76147842,-70.10214996,0.000
2024-7-29,11:7:37,230.39,18.06,18.19,20.50,21.00,43.76145553,-70.10216522,1.518
2024-7-29,11:7:50,230.39,18.06,17.87,20.50,20.75,43.76143646,-70.10216522,0.000
2024-7-29,11:8:03,230.39,18.00,18.19,20.50,21.00,43.76141357,-70.10217285,0.761
2024-7-29,11:8:16,230.39,18.00,18.12,20.50,21.00,43.76140975,-70.10217285,0.000
2024-7-29,11:8:29,230.39,18.00,18.12,20.50,21.00,43.76140213,-70.10218048,0.000
2024-7-29,11:8:42,230.39,18.00,18.19,20.50,21.00,43.76139831,-70.10218048,0.000
2024-7-29,11:8:56,230.39,18.00,17.87,20.75,20.75,43.76135253,-70.10218811,0.000
2024-7-29,11:9:09,230.39,17.94,17.87,20.50,20.75,43.76133346,-70.10218048,0.000
2024-7-29,11:9:22,252.60,17.94,18.19,20.50,21.00,43.76131439,-70.10219573,0.000
2024-7-29,11:9:35,257.15,17.94,17.87,20.50,20.75,43.76129150,-70.10219573,0.000
2024-7-29,11:9:48,257.15,17.81,17.94,20.50,20.75,43.76127624,-70.10219573,0.000
2024-7-29,11:10:01,257.15,17.81,17.69,20.50,20.50,43.76126480,-70.10218811,0.000
2024-7-29,11:10:14,246.25,17.81,17.94,20.50,20.75,43.76124954,-70.10218811,0.715
2024-7-29,11:10:27,246.25,17.81,18.00,20.25,20.75,43.76123428,-70.10218811,0.000
2024-7-29,11:10:41,246.25,17.87,17.75,20.50,20.50,43.76121902,-70.10219573,0.000
2024-7-29,11:10:54,218.21,17.87,18.00,20.25,20.75,43.76119613,-70.10219573,0.000
2024-7-29,11:11:07,218.21,17.87,17.81,20.50,20.50,43.76118469,-70.10219573,0.000
2024-7-29,11:11:20,238.45,18.25,16.00,20.25,20.75,43.76116561,-70.10219573,1.394
2024-7-29,11:11:33,238.45,17.94,18.12,20.25,20.75,43.76114654,-70.10218811,1.394
2024-7-29,11:11:46,188.98,18.19,17.56,20.25,20.50,43.76114273,-70.10218811,0.000
2024-7-29,11:11:59,188.98,20.44,13.44,20.25,20.75,43.76112365,-70.10218811,0.000
2024-7-29,11:12:13,188.98,19.12,13.38,20.25,20.50,43.76110839,-70.10218048,0.000
2024-7-29,11:12:26,188.98,18.87,13.50,20.00,20.50,43.76110458,-70.10218048,0.000
2024-7-29,11:12:39,188.98,18.50,15.44,20.25,20.50,43.76109695,-70.10218048,0.000
2024-7-29,11:12:52,259.31,19.56,15.25,20.25,20.50,43.76107406,-70.10217285,0.000
2024-7-29,11:13:05,259.31,18.31,18.00,20.00,20.50,43.76105117,-70.10216522,0.000
2024-7-29,11:13:18,231.82,20.62,13.88,20.00,20.50,43.76102066,-70.10215759,0.000
2024-7-29,11:13:31,202.38,20.37,15.44,20.00,20.50,43.76100158,-70.10214996,0.000
2024-7-29,11:13:44,202.38,20.25,14.13,20.00,20.50,43.76099777,-70.10214996,0.000
2024-7-29,11:13:58,260.02,20.62,14.81,20.25,20.50,43.76097869,-70.10214233,0.000
2024-7-29,11:14:11,260.02,18.37,17.87,20.00,20.25,43.76095962,-70.10214996,0.000
2024-7-29,11:14:24,260.02,18.75,17.87,20.00,20.25,43.76094818,-70.10214996,0.000
2024-7-29,11:14:37,260.02,20.19,14.31,20.00,20.25,43.76092910,-70.10214233,0.000
2024-7-29,11:14:50,260.02,19.75,13.38,19.75,20.50,43.76091766,-70.10214233,0.000
2024-7-29,11:15:03,255.69,20.69,13.69,19.75,20.25,43.76089859,-70.10214996,0.000
2024-7-29,11:15:16,255.69,20.25,13.13,20.00,20.25,43.76088714,-70.10214233,0.000
2024-7-29,11:15:29,255.69,20.69,12.69,20.00,20.25,43.76088333,-70.10214233,0.000
2024-7-29,11:15:43,255.69,20.00,14.19,20.00,20.25,43.76087570,-70.10214233,0.000
2024-7-29,11:15:56,233.88,20.31,13.81,19.75,20.25,43.76084136,-70.10214996,0.000
2024-7-29,11:16:09,233.88,19.94,15.88,19.75,20.00,43.76083374,-70.10214233,0.000
2024-7-29,11:16:22,233.88,19.19,17.81,19.75,20.00,43.76081848,-70.10214996,0.833
2024-7-29,11:16:35,208.32,20.50,14.44,19.75,20.00,43.76079177,-70.10214996,0.000
2024-7-29,11:16:48,208.32,18.00,18.12,19.75,20.25,43.76078414,-70.10214996,0.000
2024-7-29,11:17:01,208.32,18.00,18.19,19.75,20.25,43.76077270,-70.10214996,0.000
2024-7-29,11:17:15,208.32,18.00,17.12,19.75,20.00,43.76074981,-70.10216522,0.000
2024-7-29,11:17:28,208.32,20.31,14.75,19.75,20.00,43.76073074,-70.10216522,0.458
2024-7-29,11:17:41,208.32,20.06,13.75,19.75,20.00,43.76071929,-70.10216522,0.756
2024-7-29,11:17:54,208.32,20.31,14.44,19.75,20.00,43.76070404,-70.10215759,0.000
2024-7-29,11:18:07,208.32,20.37,14.94,19.75,20.00,43.76069641,-70.10215759,0.000
2024-7-29,11:18:20,208.32,20.56,14.50,19.50,20.00,43.76069259,-70.10215759,0.000
2024-7-29,11:18:33,208.32,20.00,13.31,19.75,19.75,43.76068878,-70.10215759,0.000
2024-7-29,11:18:46,208.32,20.37,14.25,19.75,20.00,43.76068496,-70.10215759,0.000
2024-7-29,11:19:00,208.32,20.25,13.13,19.75,20.00,43.76068115,-70.10215759,0.000
2024-7-29,11:19:13,208.32,20.37,14.00,19.50,19.75,43.76068115,-70.10215759,0.000
2024-7-29,11:19:26,208.32,20.44,14.44,19.75,19.75,43.76067733,-70.10215759,0.000
2024-7-29,11:19:39,208.32,19.75,14.06,19.50,19.75,43.76065826,-70.10216522,0.000
2024-7-29,11:19:52,208.32,20.50,12.69,19.50,19.75,43.76063537,-70.10217285,0.000
2024-7-29,11:20:05,241.16,20.50,13.81,19.50,20.00,43.76055526,-70.10217285,0.566
2024-7-29,11:20:18,241.16,20.56,11.69,19.50,19.75,43.76054763,-70.10217285,0.000
2024-7-29,11:20:31,224.16,20.56,11.69,19.50,19.75,43.76052856,-70.10218048,0.000
2024-7-29,11:20:45,233.39,20.50,12.13,19.50,19.75,43.76051712,-70.10218048,0.000
2024-7-29,11:20:58,221.83,20.31,15.38,19.25,19.75,43.76050186,-70.10218048,0.000
2024-7-29,11:21:11,221.83,20.37,13.25,19.50,19.50,43.76049804,-70.10218048,0.000
2024-7-29,11:21:24,282.17,20.37,14.44,19.50,19.50,43.76048660,-70.10219573,0.000
2024-7-29,11:21:37,282.17,20.56,13.75,19.25,19.75,43.76047134,-70.10220336,0.000
2024-7-29,11:21:50,282.17,20.44,12.31,19.25,19.50,43.76045989,-70.10221099,0.797
2024-7-29,11:22:03,282.17,20.56,13.75,19.25,19.75,43.76044845,-70.10221862,0.000
2024-7-29,11:22:17,210.85,20.62,11.81,19.50,19.50,43.76042938,-70.10222625,0.000
2024-7-29,11:22:30,210.85,20.50,13.69,19.25,19.50,43.76041412,-70.10224151,0.000
2024-7-29,11:22:43,210.85,19.94,15.75,19.25,19.75,43.76040267,-70.10224914,0.607
2024-7-29,11:22:56,231.18,20.44,13.19,19.25,19.50,43.76039505,-70.10225677,0.000
2024-7-29,11:23:09,231.18,19.87,15.75,19.25,19.50,43.76038360,-70.10225677,0.000
2024-7-29,11:23:22,231.18,20.44,13.19,19.25,19.50,43.76036071,-70.10226440,0.000
2024-7-29,11:23:35,231.18,20.31,15.00,19.25,19.50,43.76034164,-70.10226440,0.000
2024-7-29,11:23:48,231.18,20.50,12.81,19.25,19.50,43.76032257,-70.10227203,0.000
2024-7-29,11:24:02,231.18,20.50,13.25,19.25,19.50,43.76031494,-70.10227203,0.000
2024-7-29,11:24:15,183.94,20.44,14.44,19.25,19.50,43.76029205,-70.10227966,0.000
2024-7-29,11:24:28,183.94,19.62,14.06,19.00,19.50,43.76027679,-70.10228729,0.000
2024-7-29,11:24:41,183.94,20.37,11.88,19.25,19.50,43.76027297,-70.10229492,0.000
2024-7-29,11:24:54,183.94,20.44,12.31,19.25,19.50,43.76024246,-70.10231018,0.000
2024-7-29,11:25:07,209.13,20.37,11.81,19.00,19.25,43.76022338,-70.10231018,0.869
2024-7-29,11:25:20,174.55,20.44,13.81,19.25,19.50,43.76020431,-70.10231018,0.000
2024-7-29,11:25:33,174.55,20.44,13.69,19.00,19.50,43.76020050,-70.10231781,0.000
2024-7-29,11:25:47,174.55,20.50,12.19,19.25,19.25,43.76019287,-70.10232543,0.000
2024-7-29,11:26:00,174.55,20.37,11.88,19.00,19.25,43.76017379,-70.10233306,0.000
2024-7-29,11:26:13,174.55,20.37,12.06,19.00,19.25,43.76015853,-70.10234832,0.000
2024-7-29,11:26:26,174.55,20.50,11.69,19.00,19.50,43.76014709,-70.10235595,0.000
2024-7-29,11:26:39,174.55,20.37,10.94,19.00,19.25,43.76012420,-70.10237884,0.000
2024-7-29,11:26:52,236.62,20.44,12.19,19.00,19.25,43.76011276,-70.10239410,0.957
2024-7-29,11:27:05,236.62,20.44,11.06,19.00,19.25,43.76010513,-70.10239410,0.000
2024-7-29,11:27:19,236.62,20.44,14.19,19.00,19.25,43.76008987,-70.10240173,0.000
2024-7-29,11:27:32,236.62,20.50,12.31,19.00,19.25,43.76008224,-70.10240173,0.000
2024-7-29,11:27:45,236.62,20.44,11.13,19.00,19.25,43.76005554,-70.10241699,0.000
2024-7-29,11:27:58,236.62,20.37,13.13,19.00,19.25,43.76004028,-70.10243225,0.000
2024-7-29,11:28:11,236.62,20.31,11.19,18.75,19.25,43.76002883,-70.10242462,0.000
2024-7-29,11:28:24,236.62,20.37,12.44,19.00,19.00,43.76000595,-70.10243988,0.000
2024-7-29,11:28:37,236.62,20.31,11.25,18.75,19.25,43.75999069,-70.10243988,0.000
2024-7-29,11:28:50,236.62,20.31,10.75,19.00,19.00,43.75997161,-70.10244750,0.612
2024-7-29,11:29:04,236.62,20.37,10.75,18.75,19.00,43.75995635,-70.10245513,0.000
2024-7-29,11:29:17,236.89,20.31,11.31,18.75,19.25,43.75994110,-70.10247039,0.000
2024-7-29,11:29:30,247.36,20.44,13.75,19.00,19.00,43.75992584,-70.10247802,0.000
2024-7-29,11:29:43,202.12,20.31,12.06,19.00,19.00,43.75990676,-70.10248565,0.000
2024-7-29,11:29:56,202.12,20.37,13.00,18.75,19.25,43.75989913,-70.10248565,0.000
2024-7-29,11:30:09,202.12,20.44,13.13,18.75,19.00,43.75989532,-70.10249328,0.000
2024-7-29,11:30:22,202.12,20.37,10.94,18.75,19.00,43.75989151,-70.10249328,0.000
2024-7-29,11:30:36,202.12,20.44,11.38,18.75,19.25,43.75985717,-70.10250854,0.000
2024-7-29,11:30:49,202.12,20.44,11.06,18.75,19.00,43.75983428,-70.10251617,0.000
2024-7-29,11:31:02,219.48,20.50,13.88,19.00,19.25,43.75979995,-70.10254669,0.000
2024-7-29,11:31:15,218.16,20.31,11.19,18.75,19.00,43.75978088,-70.10254669,0.000
2024-7-29,11:31:28,249.73,20.44,12.50,19.00,19.00,43.75977325,-70.10256195,0.000
2024-7-29,11:31:41,249.73,20.37,11.00,18.75,19.00,43.75975036,-70.10256958,0.000
2024-7-29,11:31:54,216.39,20.25,14.56,18.75,19.00,43.75974273,-70.10257720,0.000
2024-7-29,11:32:07,216.39,20.37,13.00,18.75,19.00,43.75972747,-70.10258483,0.000
2024-7-29,11:32:21,242.21,20.31,12.69,19.00,19.00,43.75970840,-70.10260772,0.000
2024-7-29,11:32:34,219.91,20.37,11.13,18.75,19.00,43.75969696,-70.10262298,0.000
2024-7-29,11:32:47,219.91,20.37,11.00,18.75,19.00,43.75968551,-70.10263061,0.000
2024-7-29,11:33:00,219.91,20.37,12.50,18.75,19.00,43.75967788,-70.10263824,0.000
2024-7-29,11:33:13,219.91,20.31,11.63,18.75,19.00,43.75965499,-70.10265350,0.000
2024-7-29,11:33:26,219.91,20.31,12.69,18.75,18.75,43.75963211,-70.10266876,0.000
2024-7-29,11:33:39,219.91,20.31,13.06,18.50,19.00,43.75962448,-70.10266876,0.000
2024-7-29,11:33:52,219.91,20.37,12.56,18.75,18.75,43.75960922,-70.10268402,0.000
2024-7-29,11:34:06,219.91,20.31,12.00,18.75,19.00,43.75957489,-70.10269927,0.000
2024-7-29,11:34:19,252.54,20.25,11.81,18.75,19.00,43.75955200,-70.10272216,0.000
2024-7-29,11:34:32,252.54,20.31,12.44,18.50,19.00,43.75954055,-70.10272216,0.782
2024-7-29,11:34:45,252.54,20.31,13.88,18.50,19.00,43.75953292,-70.10273742,0.000
2024-7-29,11:34:58,252.54,20.37,12.00,18.50,18.75,43.75951385,-70.10275268,0.000
2024-7-29,11:35:11,219.92,20.31,10.75,18.50,18.75,43.75949096,-70.10276794,0.000
2024-7-29,11:35:24,219.92,20.37,13.25,18.75,18.75,43.75948333,-70.10276794,0.000
2024-7-29,11:35:38,219.92,20.31,11.75,18.75,19.00,43.75945281,-70.10278320,0.000
2024-7-29,11:35:51,212.75,20.31,13.19,18.50,19.00,43.75942993,-70.10279846,0.664
2024-7-29,11:36:04,212.75,20.31,12.50,18.50,19.00,43.75941848,-70.10280609,0.000
2024-7-29,11:36:17,212.75,20.19,12.31,18.50,18.75,43.75941085,-70.10281372,0.000
2024-7-29,11:36:30,219.25,20.31,11.31,18.75,18.75,43.75936889,-70.10284423,0.247
2024-7-29,11:36:43,202.78,20.31,12.00,18.50,19.00,43.75934982,-70.10285186,0.000
2024-7-29,11:36:56,202.78,20.37,13.00,18.50,18.75,43.75934219,-70.10285949,0.000
2024-7-29,11:37:09,202.78,20.31,11.19,18.50,19.00,43.75933837,-70.10286712,0.000
2024-7-29,11:37:23,202.78,20.31,12.06,18.75,19.00,43.75933456,-70.10286712,0.000
2024-7-29,11:37:36,200.83,20.37,12.44,18.75,18.75,43.75929641,-70.10289764,0.000
2024-7-29,11:37:49,200.83,20.37,11.63,18.50,19.00,43.75927352,-70.10292816,0.000
2024-7-29,11:38:02,88.35,20.06,13.69,18.50,18.75,43.75926589,-70.10292053,0.000
2024-7-29,11:38:15,88.35,20.25,12.25,18.50,18.75,43.75924682,-70.10294342,0.000
2024-7-29,11:38:28,88.35,20.25,12.75,18.50,18.75,43.75923919,-70.10295104,0.000
2024-7-29,11:38:41,88.35,20.25,11.75,18.50,18.75,43.75923156,-70.10296630,0.669
2024-7-29,11:38:54,88.35,20.31,13.56,18.50,18.75,43.75919342,-70.10300445,0.767
2024-7-29,11:39:08,88.35,20.31,12.50,18.75,18.75,43.75917816,-70.10301971,0.000
2024-7-29,11:39:21,88.35,20.25,12.00,18.50,18.75,43.75915908,-70.10305023,0.000
2024-7-29,11:39:34,234.18,18.50,17.62,18.50,18.75,43.75915527,-70.10308837,0.376
2024-7-29,11:39:47,234.18,18.12,18.62,18.50,18.75,43.75917816,-70.10315704,0.772
2024-7-29,11:40:00,338.34,18.25,19.12,18.50,18.75,43.75923538,-70.10325622,0.926
2024-7-29,11:40:13,145.18,18.62,19.44,18.50,18.75,43.75925445,-70.10314941,1.790
2024-7-29,11:40:26,117.87,19.12,19.62,18.50,18.75,43.75910949,-70.10292816,2.413
2024-7-29,11:40:39,190.00,19.69,19.69,18.50,18.50,43.75896453,-70.10272979,1.399
2024-7-29,11:40:53,252.10,20.31,20.37,18.50,18.75,43.75885772,-70.10286712,1.332
2024-7-29,11:41:06,247.64,21.19,21.00,18.50,18.75,43.75878524,-70.10306549,1.255
2024-7-29,11:41:19,243.07,21.94,21.50,18.50,18.75,43.75873184,-70.10319519,0.628
2024-7-29,11:41:32,243.07,22.25,21.62,18.50,18.75,43.75871658,-70.10321044,0.000
2024-7-29,11:41:45,243.07,22.37,21.50,18.50,18.75,43.75864791,-70.10333251,0.000
2024-7-29,11:41:58,329.55,22.31,21.37,18.75,18.75,43.75871276,-70.10350036,1.235
2024-7-29,11:42:11,4.65,22.19,21.31,18.50,18.75,43.75883865,-70.10354614,0.988
2024-7-29,11:42:25,37.07,21.81,21.06,18.75,18.75,43.75923919,-70.10315704,7.994
2024-7-29,11:42:38,27.08,21.12,20.75,18.50,18.75,43.76033782,-70.10227966,12.414
2024-7-29,11:42:51,29.92,20.44,20.50,18.50,18.75,43.76169586,-70.10128784,13.278
2024-7-29,11:43:04,34.04,20.25,20.31,18.50,18.75,43.76304244,-70.10015869,13.556
2024-7-29,11:43:17,38.55,20.06,20.25,18.75,18.75,43.76437377,-70.09889984,14.255
2024-7-29,11:43:30,40.14,20.06,20.19,18.75,18.75,43.76552963,-70.09760284,12.125
2024-7-29,11:43:43,40.15,20.00,20.37,18.50,19.00,43.76662445,-70.09638214,11.879
2024-7-29,11:43:56,40.74,19.94,20.12,18.75,18.75,43.76770782,-70.09516143,11.873
2024-7-29,11:44:10,25.96,19.87,20.06,18.75,18.75,43.76896667,-70.09413146,11.580
2024-7-29,11:44:23,21.14,19.87,20.06,18.75,18.75,43.77023315,-70.09342956,11.760
2024-7-29,11:44:36,27.67,19.87,20.06,18.50,18.75,43.77147293,-70.09257507,12.043
2024-7-29,11:44:49,29.88,19.87,20.06,18.50,18.75,43.77271270,-70.09162902,12.017
2024-7-29,11:45:02,31.96,19.87,20.31,18.50,19.00,43.77392959,-70.09066772,11.956
2024-7-29,11:45:15,26.98,19.87,20.00,18.50,18.75,43.77513122,-70.08972930,11.343
2024-7-29,11:45:28,37.78,19.87,20.00,18.75,18.75,43.77619552,-70.08870697,10.819
2024-7-29,11:45:41,29.48,19.87,20.25,18.50,19.00,43.77689361,-70.08808135,1.903
2024-7-29,11:45:55,15.44,19.87,20.25,18.75,19.00,43.77704238,-70.08801269,0.658
2024-7-29,11:46:08,15.44,20.06,20.06,18.75,18.75,43.77707672,-70.08803558,0.000
2024-7-29,11:46:21,318.84,20.19,20.19,18.50,18.75,43.77714157,-70.08815765,0.633
2024-7-29,11:46:34,318.84,20.25,20.81,18.50,19.00,43.77717208,-70.08820343,0.478
2024-7-29,11:46:47,318.84,20.25,20.50,18.75,18.75,43.77719116,-70.08824157,0.000
2024-7-29,11:47:00,318.84,20.25,21.00,18.75,19.00,43.77723693,-70.08825683,0.000
2024-7-29,11:47:13,318.84,21.06,16.31,18.75,19.00,43.77718734,-70.08821105,0.000
2024-7-29,11:47:27,318.84,20.69,15.75,18.75,19.00,43.77717208,-70.08822631,0.000
2024-7-29,11:47:40,318.84,19.69,16.50,18.75,19.00,43.77714538,-70.08824157,0.000
2024-7-29,11:47:53,318.84,19.62,16.37,18.75,19.00,43.77712249,-70.08826446,0.000
2024-7-29,11:48:06,318.84,19.62,16.44,18.75,19.00,43.77709579,-70.08828735,0.000
2024-7-29,11:48:19,318.84,19.62,16.37,18.75,19.00,43.77708816,-70.08829498,0.000
2024-7-29,11:48:32,318.84,19.19,16.37,18.75,19.00,43.77708435,-70.08829498,0.000
2024-7-29,11:48:45,318.84,19.37,16.44,18.75,19.00,43.77706909,-70.08831787,0.000
2024-7-29,11:48:58,318.84,19.44,16.37,19.00,19.00,43.77705383,-70.08833312,0.000
2024-7-29,11:49:12,318.84,19.44,16.37,18.75,19.00,43.77702713,-70.08835601,0.000
2024-7-29,11:49:25,318.84,19.44,16.62,19.00,19.25,43.77697753,-70.08840179,0.803
2024-7-29,11:49:38,318.84,19.44,16.25,19.00,19.00,43.77693557,-70.08842468,0.000
2024-7-29,11:49:51,318.84,19.44,16.44,19.00,19.00,43.77689743,-70.08844757,0.000
2024-7-29,11:50:04,318.84,19.44,16.56,18.75,19.00,43.77684402,-70.08849334,0.000
2024-7-29,11:50:17,318.84,19.44,16.37,18.75,19.00,43.77678680,-70.08853149,0.000
2024-7-29,11:50:30,318.84,19.44,16.37,18.75,19.00,43.77677536,-70.08853912,0.000
2024-7-29,11:50:44,318.84,19.44,16.44,18.75,19.25,43.77676773,-70.08854675,0.000
2024-7-29,11:50:57,239.75,19.44,16.44,18.75,19.00,43.77672195,-70.08859252,0.000
2024-7-29,11:51:10,239.75,19.44,16.37,18.75,19.00,43.77667617,-70.08863830,0.000
2024-7-29,11:51:23,239.75,19.44,16.31,18.75,19.00,43.77666854,-70.08864593,0.000
2024-7-29,11:51:36,239.75,19.37,16.69,18.75,19.25,43.77663421,-70.08868408,0.000
2024-7-29,11:51:49,225.24,19.37,16.56,18.75,19.25,43.77659606,-70.08872222,0.355
2024-7-29,11:52:02,225.24,19.37,16.31,18.75,19.00,43.77657318,-70.08873748,0.000
2024-7-29,11:52:15,225.24,19.37,16.31,18.75,19.00,43.77655792,-70.08876037,0.000
2024-7-29,11:52:29,225.24,19.37,16.62,18.75,19.25,43.77651977,-70.08879089,0.000
2024-7-29,11:52:42,225.24,19.37,16.37,18.75,19.00,43.77649307,-70.08882141,0.000
2024-7-29,11:52:55,225.24,19.37,16.62,19.00,19.25,43.77647781,-70.08883666,0.905
2024-7-29,11:53:08,225.24,19.37,16.50,19.00,19.00,43.77645492,-70.08885192,0.000
2024-7-29,11:53:21,225.24,19.37,16.69,18.75,19.25,43.77642822,-70.08889007,0.000
2024-7-29,11:53:34,225.24,19.37,16.37,19.00,19.25,43.77638626,-70.08892822,0.000
2024-7-29,11:53:47,225.24,19.37,16.37,18.75,19.00,43.77637863,-70.08893585,0.000
2024-7-29,11:54:01,225.24,19.37,16.44,18.75,19.00,43.77634811,-70.08896636,0.736
2024-7-29,11:54:14,225.24,19.37,16.37,18.75,19.00,43.77632141,-70.08899688,0.000
2024-7-29,11:54:27,225.24,19.37,16.75,18.75,19.25,43.77630615,-70.08901977,0.000
2024-7-29,11:54:40,225.24,19.37,16.75,18.75,19.25,43.77627944,-70.08904266,0.000
2024-7-29,11:54:53,225.24,19.37,16.62,19.00,19.25,43.77626800,-70.08905029,0.000
2024-7-29,11:55:06,225.24,19.37,16.37,18.75,19.25,43.77626037,-70.08905792,0.000
2024-7-29,11:55:19,224.46,19.37,16.44,19.00,19.00,43.77622222,-70.08910369,0.000
2024-7-29,11:55:32,224.46,19.37,16.69,18.75,19.25,43.77616882,-70.08916473,0.000
2024-7-29,11:55:46,224.46,19.37,16.81,18.75,19.25,43.77613830,-70.08919525,0.000
2024-7-29,11:55:59,224.46,19.37,16.62,18.75,19.25,43.77610397,-70.08922576,0.000
2024-7-29,11:56:12,224.46,19.37,16.56,18.75,19.00,43.77608871,-70.08924865,0.720
2024-7-29,11:56:25,224.46,19.37,16.81,19.00,19.25,43.77605056,-70.08928680,0.000
2024-7-29,11:56:38,224.46,19.37,16.44,18.75,19.00,43.77602386,-70.08931732,0.000
2024-7-29,11:56:51,224.46,19.37,16.81,19.00,19.25,43.77600097,-70.08934020,0.000
2024-7-29,11:57:04,224.46,19.37,16.56,18.75,19.00,43.77596664,-70.08938598,0.000
2024-7-29,11:57:17,224.46,19.37,16.44,18.75,19.25,43.77593231,-70.08941650,0.000
2024-7-29,11:57:31,224.46,19.37,16.56,18.75,19.00,43.77591323,-70.08943939,0.566
2024-7-29,11:57:44,224.46,19.37,16.81,18.75,19.25,43.77590179,-70.08945465,0.000
2024-7-29,11:57:57,224.46,19.37,16.50,18.75,19.00,43.77589416,-70.08946228,0.000
2024-7-29,11:58:10,224.46,19.37,16.56,18.75,19.00,43.77586746,-70.08950042,0.000
2024-7-29,11:58:23,224.46,19.37,16.56,18.75,19.00,43.77581787,-70.08956146,0.000
2024-7-29,11:58:36,244.61,19.37,16.81,18.75,19.25,43.77580261,-70.08957672,0.000
2024-7-29,11:58:49,244.61,19.37,16.56,19.00,19.00,43.77579879,-70.08958435,0.000
2024-7-29,11:59:03,244.61,19.37,16.87,18.75,19.25,43.77578735,-70.08959960,0.000
2024-7-29,11:59:16,244.61,19.37,16.56,18.75,19.00,43.77576065,-70.08963775,0.000
2024-7-29,11:59:29,244.61,19.31,16.56,19.00,19.00,43.77570724,-70.08969879,0.000
2024-7-29,11:59:42,244.61,19.31,16.56,18.75,19.00,43.77567672,-70.08973693,0.000
2024-7-29,11:59:55,252.57,19.31,16.87,18.75,19.25,43.77565002,-70.08976745,0.000
2024-7-29,12:0:08,252.57,19.31,16.56,18.75,19.00,43.77563476,-70.08978271,0.000
2024-7-29,12:0:21,252.57,19.31,16.56,18.75,19.00,43.77560806,-70.08981323,0.000
2024-7-29,12:0:34,252.57,19.31,16.75,18.75,19.00,43.77559280,-70.08983612,0.000
2024-7-29,12:0:48,252.57,19.25,16.75,19.00,19.00,43.77555847,-70.08988189,0.000
2024-7-29,12:1:01,252.57,19.25,16.75,18.75,19.00,43.77552413,-70.08992767,0.000
2024-7-29,12:1:14,252.57,19.19,16.81,18.75,19.00,43.77551269,-70.08993530,0.000
2024-7-29,12:1:27,252.57,19.19,16.87,18.75,19.00,43.77548599,-70.08997344,0.000
2024-7-29,12:1:40,252.57,19.19,16.81,18.75,19.00,43.77547836,-70.08998107,0.000
2024-7-29,12:1:53,252.57,19.19,16.81,18.75,19.00,43.77545166,-70.09001922,0.000
2024-7-29,12:2:06,252.57,19.19,16.81,18.75,19.00,43.77541351,-70.09006500,0.803
2024-7-29,12:2:19,252.57,19.19,16.75,18.75,19.00,43.77539443,-70.09008789,0.000
2024-7-29,12:2:33,252.57,19.25,16.81,18.75,19.25,43.77539062,-70.09009552,0.000
2024-7-29,12:2:46,252.57,19.31,16.69,18.75,19.00,43.77538681,-70.09009552,0.000
2024-7-29,12:2:59,252.57,19.31,16.62,18.75,19.00,43.77536010,-70.09014892,0.000
2024-7-29,12:3:12,252.57,19.31,16.62,18.75,19.00,43.77531051,-70.09020996,0.715
2024-7-29,12:3:25,252.57,19.31,16.56,18.75,19.00,43.77527999,-70.09024810,0.715
2024-7-29,12:3:38,252.57,19.31,16.75,18.75,19.00,43.77526092,-70.09027099,0.000
2024-7-29,12:3:51,252.57,19.31,16.81,18.75,19.00,43.77525329,-70.09027862,0.000
2024-7-29,12:4:05,252.57,19.31,16.81,18.75,19.00,43.77525329,-70.09028625,0.000
2024-7-29,12:4:18,252.57,19.25,16.81,18.75,19.00,43.77523803,-70.09030151,0.000
2024-7-29,12:4:31,252.57,19.25,16.75,18.50,19.00,43.77521514,-70.09034729,0.000
2024-7-29,12:4:44,252.57,19.25,16.62,18.75,19.00,43.77517318,-70.09039306,0.000
2024-7-29,12:4:57,252.57,19.25,16.62,18.75,19.00,43.77514648,-70.09042358,0.000
2024-7-29,12:5:10,252.57,19.31,16.62,18.50,19.00,43.77512359,-70.09046936,0.000
2024-7-29,12:5:23,252.57,19.19,16.81,18.75,19.00,43.77508544,-70.09051513,0.000
2024-7-29,12:5:36,252.57,19.19,16.81,18.75,19.00,43.77507019,-70.09053802,0.000
2024-7-29,12:5:50,252.57,19.19,16.81,18.75,19.00,43.77503967,-70.09058380,0.000
2024-7-29,12:6:03,252.57,19.19,16.94,18.75,19.25,43.77502059,-70.09061431,0.000
2024-7-29,12:6:16,252.57,19.25,16.81,18.75,19.00,43.77500534,-70.09063720,0.000
2024-7-29,12:6:29,252.57,19.31,16.62,18.75,19.00,43.77498626,-70.09067535,0.787
2024-7-29,12:6:42,252.57,19.31,16.62,18.75,19.00,43.77496337,-70.09069824,0.000
2024-7-29,12:6:55,252.57,19.31,16.62,18.75,19.00,43.77495574,-70.09072113,0.000
2024-7-29,12:7:08,264.65,19.31,16.50,18.75,18.75,43.77493286,-70.09076690,0.000
2024-7-29,12:7:21,264.65,19.25,16.81,18.75,19.00,43.77490997,-70.09079742,0.000
2024-7-29,12:7:35,264.65,19.19,16.81,18.75,19.00,43.77489089,-70.09082794,0.000
2024-7-29,12:7:48,264.65,19.19,16.81,18.75,19.00,43.77486419,-70.09087371,0.000
2024-7-29,12:8:01,264.65,19.19,16.69,18.75,19.00,43.77485656,-70.09091186,0.000
2024-7-29,12:8:14,264.65,19.19,16.69,18.75,19.00,43.77483749,-70.09093475,0.000
2024-7-29,12:8:27,264.65,19.19,16.75,18.75,19.00,43.77481460,-70.09097290,0.000
2024-7-29,12:8:40,264.65,19.19,17.00,18.75,19.25,43.77480697,-70.09098815,0.000
2024-7-29,12:8:53,264.65,19.19,16.87,18.75,19.00,43.77479553,-70.09101104,0.000
2024-7-29,12:9:06,264.65,19.19,16.81,18.75,19.00,43.77478790,-70.09102630,0.000
2024-7-29,12:9:20,264.65,19.19,16.87,18.75,19.00,43.77476119,-70.09107208,0.648
2024-7-29,12:9:33,264.65,18.87,16.37,18.75,19.00,43.77473068,-70.09109497,0.998
2024-7-29,12:9:46,264.65,18.31,17.62,18.75,18.75,43.77465820,-70.09117889,0.741
2024-7-29,12:9:59,173.18,18.31,18.44,18.75,19.00,43.77458190,-70.09123229,0.772
2024-7-29,12:10:12,173.18,18.44,18.69,18.75,19.00,43.77452850,-70.09124755,0.772
2024-7-29,12:10:25,191.45,18.69,19.25,18.75,19.00,43.77448272,-70.09128570,0.000
2024-7-29,12:10:38,191.45,18.87,19.25,18.75,19.00,43.77444458,-70.09131622,0.000
2024-7-29,12:10:52,191.45,18.94,19.25,18.50,19.00,43.77439498,-70.09137725,0.453
2024-7-29,12:11:05,191.45,19.19,19.25,18.75,19.00,43.77436447,-70.09145355,0.494
2024-7-29,12:11:18,282.85,19.25,19.31,18.50,19.00,43.77436447,-70.09156799,1.157
2024-7-29,12:11:31,285.89,19.37,19.31,18.75,19.00,43.77441406,-70.09180450,1.775
2024-7-29,12:11:44,258.01,19.37,19.31,18.50,19.00,43.77440643,-70.09222412,4.440
2024-7-29,12:11:57,258.01,19.37,19.37,18.75,19.00,43.77429962,-70.09357452,4.440
2024-7-29,12:12:10,271.39,19.37,19.44,18.75,19.00,43.77427673,-70.09546661,12.429
2024-7-29,12:12:23,270.26,19.37,19.44,18.75,19.00,43.77431106,-70.09750366,12.516
2024-7-29,12:12:37,274.49,19.37,19.44,18.75,19.00,43.77436828,-70.09967041,12.393
2024-7-29,12:12:50,277.77,19.31,19.50,18.75,19.00,43.77454757,-70.10168457,12.527
2024-7-29,12:13:03,268.54,19.19,19.50,18.75,19.00,43.77460479,-70.10374450,13.046
2024-7-29,12:13:16,251.63,19.19,19.44,18.75,19.00,43.77428054,-70.10576629,13.015
2024-7-29,12:13:29,241.73,19.19,19.44,18.75,19.00,43.77359390,-70.10770416,11.791
2024-7-29,12:13:42,239.58,19.19,19.44,18.75,19.00,43.77327346,-70.10853576,2.706
2024-7-29,12:13:55,230.41,19.19,19.44,18.75,19.00,43.77309036,-70.10891723,3.514
2024-7-29,12:14:08,229.01,19.19,19.44,18.75,19.00,43.77291107,-70.10921478,1.698
2024-7-29,12:14:22,216.43,19.19,19.50,18.75,19.00,43.77276992,-70.10939788,1.286
2024-7-29,12:14:35,214.11,19.19,19.50,18.50,19.00,43.77263259,-70.10949707,1.163
2024-7-29,12:14:48,225.25,19.25,19.56,18.75,19.00,43.77259826,-70.10954284,0.000
2024-7-29,12:15:01,225.25,19.19,19.56,18.75,19.00,43.77257156,-70.10945129,0.000
2024-7-29,12:15:14,225.25,19.19,19.62,19.00,19.00,43.77255630,-70.10943603,0.000
2024-7-29,12:15:27,225.25,20.19,11.13,18.75,19.25,43.77252960,-70.10942840,0.180
2024-7-29,12:15:40,99.68,20.69,13.38,18.75,19.00,43.77248764,-70.10935974,0.000
2024-7-29,12:15:54,99.68,20.56,14.00,18.75,19.00,43.77248764,-70.10939788,0.000
2024-7-29,12:16:07,99.68,20.56,11.88,18.75,19.00,43.77249145,-70.10941314,0.000
2024-7-29,12:16:20,99.68,20.56,13.31,18.75,19.00,43.77248764,-70.10941314,0.000
2024-7-29,12:16:33,99.68,20.44,12.63,19.00,19.25,43.77248764,-70.10942077,0.000
2024-7-29,12:16:46,99.68,20.37,12.94,18.75,19.00,43.77248382,-70.10942077,0.000
2024-7-29,12:16:59,99.68,20.56,14.25,18.75,19.00,43.77248382,-70.10942077,0.000
2024-7-29,12:17:12,99.68,20.31,11.88,18.75,19.00,43.77248001,-70.10942840,0.000
2024-7-29,12:17:25,99.68,20.56,13.75,18.75,19.00,43.77248001,-70.10942840,0.000
2024-7-29,12:17:39,99.68,20.50,12.81,19.00,19.00,43.77247619,-70.10943603,0.561
2024-7-29,12:17:52,99.68,20.56,13.38,18.75,19.00,43.77246093,-70.10944366,0.000
2024-7-29,12:18:05,99.68,20.50,13.19,18.75,19.25,43.77245712,-70.10944366,0.000
2024-7-29,12:18:18,99.68,20.69,13.06,19.00,19.00,43.77244949,-70.10943603,0.535
2024-7-29,12:18:31,99.68,20.44,11.63,18.75,19.25,43.77244567,-70.10944366,0.535
2024-7-29,12:18:44,99.68,20.44,11.81,18.75,19.00,43.77244186,-70.10945129,0.612
2024-7-29,12:18:57,99.68,20.31,12.50,18.75,19.00,43.77243423,-70.10944366,0.000
2024-7-29,12:19:11,99.68,20.31,10.69,18.75,19.00,43.77243041,-70.10944366,0.000
2024-7-29,12:19:24,99.68,20.31,11.88,18.75,19.00,43.77242660,-70.10945129,0.000
2024-7-29,12:19:37,99.68,20.56,12.69,18.75,19.25,43.77241516,-70.10945129,0.000
2024-7-29,12:19:50,273.51,20.50,12.56,18.75,19.25,43.77241134,-70.10945129,0.000
2024-7-29,12:20:03,273.51,20.25,10.69,18.75,19.00,43.77240371,-70.10945129,0.000
2024-7-29,12:20:16,273.51,20.50,12.56,18.75,19.00,43.77239990,-70.10945129,0.000
2024-7-29,12:20:29,273.51,20.50,12.06,18.75,19.00,43.77238845,-70.10944366,0.000
2024-7-29,12:20:42,273.51,20.50,10.88,18.75,19.25,43.77238845,-70.10943603,0.000
2024-7-29,12:20:56,273.51,20.62,12.88,18.75,19.00,43.77237319,-70.10944366,0.000
2024-7-29,12:21:09,273.51,20.62,13.19,18.75,19.00,43.77236938,-70.10942840,0.000
2024-7-29,12:21:22,273.51,20.75,13.56,19.00,19.25,43.77236175,-70.10941314,0.000
2024-7-29,12:21:35,273.51,20.56,10.63,18.75,19.00,43.77235412,-70.10941314,0.000
2024-7-29,12:21:48,273.51,20.87,13.44,18.75,19.00,43.77235031,-70.10940551,0.000
2024-7-29,12:22:01,273.51,20.75,12.75,19.00,19.00,43.77233886,-70.10940551,0.000
2024-7-29,12:22:14,273.51,20.69,12.63,19.00,19.25,43.77232742,-70.10939788,0.000
2024-7-29,12:22:27,273.51,20.87,13.75,19.00,19.00,43.77231979,-70.10938262,0.000
2024-7-29,12:22:41,273.51,20.62,11.56,19.00,19.00,43.77230453,-70.10936737,0.638
2024-7-29,12:22:54,273.51,20.69,11.13,19.00,19.00,43.77228927,-70.10935974,0.000
2024-7-29,12:23:07,273.51,20.62,11.88,18.75,19.00,43.77228546,-70.10935211,0.000
2024-7-29,12:23:20,273.51,20.87,13.13,18.75,19.25,43.77227783,-70.10935211,0.000
2024-7-29,12:23:33,273.51,20.75,13.44,18.75,19.00,43.77227401,-70.10934448,0.000
2024-7-29,12:23:46,273.51,20.69,12.94,18.75,19.00,43.77227020,-70.10934448,0.000
2024-7-29,12:23:59,273.51,20.75,10.69,18.75,19.00,43.77227020,-70.10934448,0.000
2024-7-29,12:24:12,229.34,20.81,13.06,18.75,19.00,43.77225494,-70.10934448,0.000
2024-7-29,12:24:26,229.34,20.69,12.56,18.75,19.25,43.77224731,-70.10933685,0.000
2024-7-29,12:24:39,229.34,20.69,13.19,18.75,19.25,43.77222442,-70.10930633,0.000
2024-7-29,12:24:52,229.34,20.69,12.31,18.75,19.25,43.77220535,-70.10929107,0.000
2024-7-29,12:25:05,229.34,20.62,11.25,18.75,19.00,43.77219772,-70.10929107,0.000
2024-7-29,12:25:18,229.34,20.62,11.75,18.75,19.00,43.77219390,-70.10928344,0.000
2024-7-29,12:25:31,229.34,20.56,11.81,18.75,19.25,43.77219009,-70.10928344,0.000
2024-7-29,12:25:44,229.34,20.69,13.06,18.75,19.00,43.77218627,-70.10928344,0.000
2024-7-29,12:25:58,229.34,20.69,13.25,18.75,19.00,43.77218246,-70.10928344,0.000
2024-7-29,12:26:11,229.34,20.69,10.69,18.75,19.00,43.77217864,-70.10928344,0.000
2024-7-29,12:26:24,229.34,20.69,12.50,18.75,19.00,43.77217864,-70.10927581,0.000
2024-7-29,12:26:37,229.34,20.69,11.69,18.75,19.00,43.77217483,-70.10927581,0.000
2024-7-29,12:26:50,229.34,20.69,13.06,18.75,19.00,43.77217483,-70.10927581,0.000
2024-7-29,12:27:03,229.34,20.62,11.94,18.75,19.00,43.77217102,-70.10927581,0.000
2024-7-29,12:27:16,229.34,20.56,10.56,18.75,19.00,43.77217102,-70.10927581,0.000
2024-7-29,12:27:29,229.34,20.75,13.44,18.75,19.00,43.77214050,-70.10927581,0.576
2024-7-29,12:27:43,229.34,20.75,12.38,18.50,19.00,43.77206802,-70.10921478,0.000
2024-7-29,12:27:56,229.34,20.75,11.13,18.75,19.25,43.77205657,-70.10920715,0.000
2024-7-29,12:28:09,229.34,20.81,13.19,18.75,19.00,43.77204895,-70.10919952,0.000
2024-7-29,12:28:22,229.34,20.69,12.38,18.75,19.00,43.77204513,-70.10919952,0.000
2024-7-29,12:28:35,229.34,20.75,12.94,18.75,19.00,43.77204132,-70.10919952,0.000
2024-7-29,12:28:48,229.34,20.75,11.94,18.75,19.00,43.77203750,-70.10919952,0.000
2024-7-29,12:29:01,229.34,20.69,11.94,18.75,19.00,43.77201461,-70.10919189,0.000
2024-7-29,12:29:15,229.34,20.69,11.94,18.75,19.00,43.77199554,-70.10919189,0.000
2024-7-29,12:29:28,229.34,20.56,12.31,18.50,19.00,43.77198791,-70.10918426,0.000
2024-7-29,12:29:41,229.34,20.75,12.94,18.75,19.00,43.77197265,-70.10918426,0.000
2024-7-29,12:29:54,229.34,20.56,10.69,18.75,19.00,43.77196121,-70.10917663,0.000
2024-7-29,12:30:07,229.34,20.81,12.94,18.75,19.00,43.77195358,-70.10917663,0.000
2024-7-29,12:30:20,229.34,20.81,13.19,18.75,19.00,43.77194595,-70.10917663,0.000
2024-7-29,12:30:33,229.34,20.69,12.44,18.75,19.00,43.77194213,-70.10916900,0.000
2024-7-29,12:30:46,229.34,20.62,11.63,18.75,19.00,43.77193832,-70.10916900,0.000
2024-7-29,12:31:00,229.34,20.75,13.19,18.50,19.00,43.77193450,-70.10916900,0.000
2024-7-29,12:31:13,229.34,20.75,12.69,18.75,19.00,43.77191925,-70.10916137,0.000
2024-7-29,12:31:26,229.34,20.75,10.63,18.75,19.00,43.77187347,-70.10915374,0.000
2024-7-29,12:31:39,229.34,20.81,13.13,18.75,19.00,43.77186584,-70.10914611,0.000
2024-7-29,12:31:52,229.34,20.81,12.81,18.75,19.00,43.77185058,-70.10913848,0.000
2024-7-29,12:32:05,223.98,20.62,12.94,18.75,19.00,43.77183532,-70.10914611,0.000
2024-7-29,12:32:18,223.98,20.75,12.56,18.75,19.00,43.77182769,-70.10913848,0.000
2024-7-29,12:32:32,223.98,20.75,12.94,18.75,19.00,43.77182388,-70.10913848,0.000
2024-7-29,12:32:45,223.98,20.50,12.75,18.50,19.00,43.77181625,-70.10913085,0.000
2024-7-29,12:32:58,223.98,20.62,11.69,18.75,19.00,43.77181243,-70.10913085,0.000
2024-7-29,12:33:11,223.98,20.37,10.69,18.50,18.75,43.77181243,-70.10913085,0.000
2024-7-29,12:33:24,223.98,20.56,11.06,18.75,19.00,43.77180099,-70.10913085,0.000
2024-7-29,12:33:37,223.98,20.75,13.13,18.75,19.00,43.77176284,-70.10912322,0.000
2024-7-29,12:33:50,223.98,20.37,11.13,18.75,18.75,43.77174377,-70.10911560,0.761
2024-7-29,12:34:03,223.98,20.62,11.25,18.75,19.00,43.77172851,-70.10910797,0.000
2024-7-29,12:34:17,223.98,20.81,12.94,18.75,19.00,43.77171707,-70.10910797,0.000
2024-7-29,12:34:30,223.98,20.75,11.69,18.50,19.00,43.77171325,-70.10910797,0.000
2024-7-29,12:34:43,223.98,20.69,10.88,18.50,19.00,43.77170562,-70.10910797,0.000
2024-7-29,12:34:56,223.98,20.56,10.63,18.75,19.00,43.77167892,-70.10910034,0.540
2024-7-29,12:35:09,223.98,20.69,10.50,18.75,19.00,43.77167129,-70.10910034,0.540
2024-7-29,12:35:22,223.98,20.87,12.63,18.75,19.00,43.77166748,-70.10910034,0.000
2024-7-29,12:35:35,223.98,20.56,11.19,18.75,18.75,43.77166366,-70.10910034,0.000
2024-7-29,12:35:48,261.79,20.87,12.63,18.50,19.00,43.77164459,-70.10910797,0.000
2024-7-29,12:36:02,261.79,20.62,11.38,18.50,19.00,43.77163314,-70.10910034,0.000
2024-7-29,12:36:15,261.79,20.56,11.50,18.50,19.00,43.77162170,-70.10910797,0.000
2024-7-29,12:36:28,240.72,20.87,12.44,18.50,19.00,43.77159881,-70.10910797,0.000
2024-7-29,12:36:41,240.72,20.94,12.81,18.75,19.00,43.77159118,-70.10910034,0.000
2024-7-29,12:36:54,240.72,20.69,10.50,18.75,19.00,43.77157974,-70.10910797,0.000
2024-7-29,12:37:07,240.72,20.75,12.50,18.75,19.00,43.77157211,-70.10910034,0.000
2024-7-29,12:37:20,240.72,20.87,12.38,18.50,19.00,43.77156066,-70.10910034,0.000
2024-7-29,12:37:34,240.72,20.56,11.50,18.50,19.00,43.77155685,-70.10910034,0.000
2024-7-29,12:37:47,240.72,20.75,11.38,18.50,19.00,43.77155303,-70.10910034,0.000
2024-7-29,12:38:00,265.66,20.69,12.00,18.50,19.00,43.77153778,-70.10910797,0.000
2024-7-29,12:38:13,265.66,20.81,10.50,18.75,19.00,43.77153396,-70.10910034,0.000
2024-7-29,12:38:26,265.66,20.69,10.75,18.50,19.00,43.77152633,-70.10910034,0.000
2024-7-29,12:38:39,265.66,20.56,12.00,18.75,19.00,43.77151489,-70.10910034,0.000
2024-7-29,12:38:52,253.41,20.69,12.13,18.75,19.00,43.77149581,-70.10910034,0.000
2024-7-29,12:39:05,253.41,20.75,10.56,18.75,19.00,43.77148437,-70.10910034,0.000
2024-7-29,12:39:19,251.29,20.44,10.75,18.50,19.00,43.77146911,-70.10910797,0.221
2024-7-29,12:39:32,251.29,20.56,11.69,18.50,19.00,43.77145767,-70.10910034,0.000
2024-7-29,12:39:45,233.98,20.81,12.81,18.75,19.00,43.77143859,-70.10911560,0.000
2024-7-29,12:39:58,233.98,20.75,12.56,18.75,19.00,43.77142715,-70.10910034,0.000
2024-7-29,12:40:11,233.98,19.19,15.63,18.75,18.75,43.77141189,-70.10909271,0.000
2024-7-29,12:40:24,226.85,18.75,18.75,18.75,19.00,43.77140808,-70.10910034,0.000
2024-7-29,12:40:37,273.10,18.94,19.00,18.75,19.00,43.77142715,-70.10921478,0.638
2024-7-29,12:40:50,196.57,19.31,19.31,18.50,19.00,43.77135467,-70.10933685,1.240
2024-7-29,12:41:04,166.36,19.37,19.56,18.75,19.00,43.77115249,-70.10929870,1.981
2024-7-29,12:41:17,201.49,19.37,19.50,18.50,18.75,43.77096557,-70.10932159,1.312
2024-7-29,12:41:30,213.20,19.56,19.81,18.50,19.00,43.77090835,-70.10939025,0.000
2024-7-29,12:41:43,213.20,19.87,19.81,18.50,19.00,43.77090454,-70.10939025,0.000
2024-7-29,12:41:56,213.20,20.25,19.62,18.50,18.75,43.77090072,-70.10939788,0.000
2024-7-29,12:42:09,213.20,20.50,19.81,18.75,19.00,43.77085494,-70.10942840,0.448
2024-7-29,12:42:22,213.20,20.75,19.75,18.75,19.00,43.77077484,-70.10955047,0.782
2024-7-29,12:42:36,292.87,20.94,19.87,18.50,19.00,43.77078628,-70.10975646,1.209
2024-7-29,12:42:49,319.11,21.06,20.06,18.75,19.00,43.77088546,-70.10990905,1.204
2024-7-29,12:43:02,339.17,21.12,20.25,18.75,19.00,43.77102279,-70.11001586,1.538
2024-7-29,12:43:15,336.37,21.12,20.31,18.75,19.00,43.77120971,-70.11011505,1.857
2024-7-29,12:43:28,336.37,21.19,20.44,18.75,19.00,43.77172470,-70.11023712,1.857
2024-7-29,12:43:41,335.56,21.19,20.44,18.75,19.00,43.77251434,-70.11069488,7.665
2024-7-29,12:43:54,340.20,20.87,20.37,18.75,19.00,43.77337646,-70.11121368,8.056
2024-7-29,12:44:07,328.58,20.50,20.37,18.50,19.00,43.77424240,-70.11183929,8.951
2024-7-29,12:44:21,320.75,20.37,20.37,18.75,19.00,43.77513122,-70.11284637,9.167
2024-7-29,12:44:34,325.82,20.37,20.44,18.75,19.00,43.77602005,-70.11373138,9.306
2024-7-29,12:44:47,325.40,20.37,20.44,18.75,19.00,43.77696609,-70.11463928,11.380
2024-7-29,12:45:00,320.51,20.37,20.37,18.75,19.00,43.77847290,-70.11620330,15.937
2024-7-29,12:45:13,322.87,20.37,20.37,18.75,19.00,43.77981185,-70.11771392,13.731
2024-7-29,12:45:26,323.97,20.37,20.31,18.75,19.00,43.78107070,-70.11903381,13.432
2024-7-29,12:45:39,330.20,20.37,20.31,19.00,19.00,43.78239822,-70.12017822,13.370
2024-7-29,12:45:52,323.85,20.37,20.31,19.00,19.00,43.78374481,-70.12126922,13.406
2024-7-29,12:46:06,308.22,20.37,20.50,18.75,19.25,43.78498077,-70.12283325,13.345
2024-7-29,12:46:19,277.42,20.37,20.31,18.75,19.00,43.78544998,-70.12488555,13.700
2024-7-29,12:46:32,281.78,20.37,20.31,19.00,19.00,43.78567123,-70.12709045,13.725
2024-7-29,12:46:45,281.78,20.37,20.31,18.75,19.00,43.78614807,-70.12921142,13.725
2024-7-29,12:46:58,291.73,20.37,20.56,18.75,19.25,43.78672409,-70.13129425,13.885
2024-7-29,12:47:11,292.22,20.37,20.37,19.00,19.00,43.78733444,-70.13336944,13.844
2024-7-29,12:47:24,292.44,20.37,20.62,18.75,19.25,43.78794479,-70.13543701,13.849
2024-7-29,12:47:38,301.57,20.44,20.75,18.75,19.25,43.78872299,-70.13755035,13.494
2024-7-29,12:47:51,324.93,20.44,20.81,18.75,19.25,43.78980255,-70.13906860,13.098
2024-7-29,12:48:04,325.99,20.50,20.81,18.75,19.25,43.79101562,-70.14020538,12.563
2024-7-29,12:48:17,349.61,20.62,20.94,19.00,19.25,43.79224395,-70.14103698,11.421
2024-7-29,12:48:30,354.33,20.69,21.00,19.00,19.25,43.79358291,-70.14109802,11.611
2024-7-29,12:48:43,319.37,20.81,21.06,19.00,19.25,43.79481887,-70.14182281,11.657
2024-7-29,12:48:56,290.96,20.81,21.44,19.00,19.50,43.79559707,-70.14326477,10.772
2024-7-29,12:49:09,255.50,20.94,21.50,19.00,19.25,43.79568481,-70.14495086,10.371
2024-7-29,12:49:23,225.87,21.00,21.50,19.00,19.50,43.79486846,-70.14636230,11.035
2024-7-29,12:49:36,227.38,21.12,21.37,19.00,19.50,43.79395675,-70.14771270,11.637
2024-7-29,12:49:49,233.48,21.37,21.31,19.00,19.50,43.79307937,-70.14914703,11.380
2024-7-29,12:50:02,233.48,21.44,21.31,19.00,19.50,43.79251480,-70.15068054,11.380
2024-7-29,12:50:15,247.86,21.50,21.44,19.00,19.50,43.79215621,-70.15184783,7.279
2024-7-29,12:50:28,243.49,21.81,21.56,19.25,19.50,43.79186248,-70.15281677,7.290
2024-7-29,12:50:41,237.52,21.81,21.69,19.00,19.50,43.79143142,-70.15386962,7.603
2024-7-29,12:50:55,236.07,21.87,21.62,19.25,19.25,43.79090881,-70.15494537,7.079
2024-7-29,12:51:08,236.21,21.87,22.00,19.00,19.50,43.79051971,-70.15577697,5.860
2024-7-29,12:51:21,237.21,21.87,22.06,19.25,19.50,43.79015731,-70.15655517,5.664
2024-7-29,12:51:34,239.45,21.94,22.19,19.25,19.50,43.78990936,-70.15708923,3.961
2024-7-29,12:51:47,239.45,22.25,22.31,19.25,19.50,43.78970336,-70.15763092,3.961
2024-7-29,12:52:00,261.60,22.69,22.44,19.25,19.75,43.78956604,-70.15819549,3.642
2024-7-29,12:52:13,261.43,23.12,22.50,19.25,19.50,43.78946304,-70.15882873,3.730
2024-7-29,12:52:26,268.15,23.69,22.56,19.25,19.50,43.78942108,-70.15943908,3.853
2024-7-29,12:52:40,277.35,24.25,22.56,19.50,19.50,43.78945541,-70.16012573,4.049
2024-7-29,12:52:53,300.47,24.62,22.94,19.50,19.75,43.78960037,-70.16073608,3.951
2024-7-29,12:53:06,308.11,24.75,23.00,19.50,19.75,43.78988265,-70.16126251,4.049
2024-7-29,12:53:19,308.69,24.75,23.00,19.50,19.75,43.79018402,-70.16175842,4.002
2024-7-29,12:53:32,313.21,24.75,22.94,19.25,19.75,43.79049682,-70.16223144,3.930
2024-7-29,12:53:45,313.85,24.75,22.87,19.50,19.75,43.79080200,-70.16268920,3.791
2024-7-29,12:53:58,310.52,24.75,23.19,19.50,20.00,43.79110717,-70.16315460,4.074
2024-7-29,12:54:12,311.28,24.75,22.94,19.50,19.75,43.79144668,-70.16368865,4.090
2024-7-29,12:54:25,312.05,24.75,22.94,19.50,19.75,43.79176712,-70.16419219,4.152
2024-7-29,12:54:38,311.34,24.81,23.25,19.75,20.00,43.79209518,-70.16469573,4.218
2024-7-29,12:54:51,317.47,24.81,23.25,19.75,20.00,43.79240036,-70.16509246,2.891
2024-7-29,12:55:04,317.47,24.81,23.25,19.50,20.00,43.79260635,-70.16532135,2.891
2024-7-29,12:55:17,325.31,24.81,23.19,19.50,20.00,43.79279327,-70.16551971,1.898
2024-7-29,12:55:30,324.47,24.81,23.25,19.75,20.00,43.79298782,-70.16570281,2.011
2024-7-29,12:55:43,321.89,24.81,23.25,19.75,20.00,43.79317092,-70.16589355,1.955
2024-7-29,12:55:57,318.66,24.87,23.44,19.75,20.00,43.79335784,-70.16611480,2.032
2024-7-29,12:56:10,316.41,24.94,23.56,19.75,20.00,43.79353332,-70.16632843,1.981
2024-7-29,12:56:23,313.81,25.06,23.56,19.75,20.00,43.79369735,-70.16655731,2.001
2024-7-29,12:56:36,316.01,25.19,23.62,19.75,20.00,43.79386138,-70.16678619,1.981
2024-7-29,12:56:49,315.76,25.37,23.87,20.00,20.25,43.79402923,-70.16700744,1.965
2024-7-29,12:57:02,305.15,25.37,23.94,20.00,20.25,43.79417800,-70.16724395,1.975
2024-7-29,12:57:15,298.12,25.37,23.94,19.75,20.25,43.79430389,-70.16750335,1.903
2024-7-29,12:57:28,298.47,25.37,24.25,20.00,20.50,43.79441070,-70.16777801,1.857
2024-7-29,12:57:42,292.33,25.37,24.25,19.75,20.50,43.79450988,-70.16806793,1.862
2024-7-29,12:57:55,291.29,25.37,24.19,19.75,20.50,43.79458999,-70.16834259,1.857
2024-7-29,12:58:08,293.01,25.37,24.06,19.75,20.50,43.79467010,-70.16862487,1.867
2024-7-29,12:58:21,296.01,25.37,24.12,20.00,20.50,43.79476165,-70.16890716,1.857
2024-7-29,12:58:34,293.60,25.37,24.12,20.00,20.50,43.79484558,-70.16918182,1.842
2024-7-29,12:58:47,290.83,25.31,24.06,20.00,20.50,43.79492950,-70.16945648,1.837
2024-7-29,12:59:00,286.49,24.87,24.00,20.00,20.50,43.79499435,-70.16973876,1.873
2024-7-29,12:59:14,288.02,24.44,24.12,20.25,20.75,43.79506683,-70.17005157,1.883
2024-7-29,12:59:27,287.32,24.06,24.00,20.00,20.75,43.79513931,-70.17034149,1.909
2024-7-29,12:59:40,289.01,23.94,24.00,20.00,20.75,43.79521560,-70.17066192,2.228
2024-7-29,12:59:53,284.70,23.81,23.94,20.25,20.50,43.79529571,-70.17101287,2.310
2024-7-29,13:0:06,284.70,23.62,23.87,20.25,20.75,43.79536819,-70.17137145,2.310
2024-7-29,13:0:19,277.07,23.37,23.87,20.00,20.75,43.79542922,-70.17171478,1.939
2024-7-29,13:0:32,273.38,23.37,23.87,20.25,20.75,43.79544830,-70.17201995,1.873
2024-7-29,13:0:45,285.23,23.37,23.87,20.25,20.75,43.79548645,-70.17230987,1.826
2024-7-29,13:0:59,284.81,23.50,23.75,20.50,20.75,43.79554748,-70.17261505,1.862
2024-7-29,13:1:12,283.83,23.62,23.56,20.50,20.75,43.79560089,-70.17291259,1.893
2024-7-29,13:1:25,281.96,23.56,23.56,20.25,20.75,43.79564666,-70.17320251,1.795
2024-7-29,13:1:38,280.57,23.37,23.69,20.50,21.00,43.79568099,-70.17348480,1.847
2024-7-29,13:1:51,280.57,23.19,23.37,20.50,20.75,43.79572296,-70.17376708,1.847
2024-7-29,13:2:04,283.69,23.12,23.37,20.25,21.00,43.79576873,-70.17404174,1.780
2024-7-29,13:2:17,290.71,23.12,23.19,20.50,21.00,43.79582977,-70.17430877,1.744
2024-7-29,13:2:30,297.98,23.12,22.94,20.50,21.00,43.79591751,-70.17457580,1.765
2024-7-29,13:2:44,290.48,23.06,23.12,20.50,21.25,43.79602050,-70.17486572,1.811
2024-7-29,13:2:57,308.62,23.00,22.75,20.50,21.00,43.79612731,-70.17510986,1.790
2024-7-29,13:3:10,324.53,23.06,23.00,20.50,21.25,43.79627990,-70.17530059,1.703
2024-7-29,13:3:23,342.29,23.12,23.00,20.50,21.25,43.79645919,-70.17543029,1.693
2024-7-29,13:3:36,341.19,23.25,23.00,20.50,21.25,43.79664993,-70.17552185,1.718
2024-7-29,13:3:49,324.11,23.31,22.87,20.50,21.25,43.79680252,-70.17562103,1.255
2024-7-29,13:4:02,306.48,23.37,22.81,20.75,21.25,43.79691696,-70.17574310,1.219
2024-7-29,13:4:16,282.26,23.37,22.75,20.75,21.25,43.79695892,-70.17595672,1.343
2024-7-29,13:4:29,264.89,23.06,22.81,20.75,21.25,43.79695892,-70.17616271,1.235
2024-7-29,13:4:42,237.78,22.87,23.00,20.75,21.50,43.79692459,-70.17633819,1.163
2024-7-29,13:4:55,213.52,22.81,22.81,20.75,21.25,43.79689407,-70.17637634,0.000
2024-7-29,13:5:08,213.52,22.75,22.81,20.75,21.25,43.79689407,-70.17636871,0.000
2024-7-29,13:5:21,213.52,22.75,22.69,20.75,21.25,43.79689025,-70.17636871,0.000
2024-7-29,13:5:34,213.52,22.75,22.87,21.00,21.50,43.79689025,-70.17636871,0.000
2024-7-29,13:5:47,213.52,22.75,22.87,21.00,21.50,43.79688644,-70.17636108,0.000
2024-7-29,13:6:01,213.52,22.75,22.62,20.75,21.25,43.79688644,-70.17636871,0.000
2024-7-29,13:6:14,213.52,22.75,23.00,20.75,21.50,43.79688262,-70.17636108,0.000
2024-7-29,13:6:27,213.52,22.87,22.81,21.00,21.25,43.79688262,-70.17636108,0.000
2024-7-29,13:6:40,213.52,22.94,23.00,20.75,21.50,43.79687881,-70.17636108,0.000
2024-7-29,13:6:53,213.52,23.06,23.06,21.00,21.50,43.79687881,-70.17636108,0.000
2024-7-29,13:7:06,213.52,23.19,23.00,21.00,21.50,43.79687881,-70.17636108,0.000
2024-7-29,13:7:19,213.52,23.31,22.81,21.00,21.25,43.79687881,-70.17636108,0.000
2024-7-29,13:7:32,193.47,23.37,23.06,21.00,21.50,43.79686737,-70.17636108,0.000
2024-7-29,13:7:46,193.47,23.62,23.19,21.25,21.50,43.79686355,-70.17636108,0.000
2024-7-29,13:7:59,193.47,23.62,23.19,21.00,21.50,43.79686355,-70.17636871,0.000
2024-7-29,13:8:12,193.47,23.56,23.12,21.00,21.50,43.79685974,-70.17636871,0.000
2024-7-29,13:8:25,193.47,23.56,23.31,21.00,21.75,43.79686355,-70.17637634,0.000
2024-7-29,13:8:38,218.30,23.56,23.37,21.00,21.75,43.79684829,-70.17639160,0.000
2024-7-29,13:8:51,218.30,23.50,23.25,21.00,21.50,43.79684448,-70.17639923,0.000
2024-7-29,13:9:04,218.30,23.44,23.25,21.25,21.50,43.79684448,-70.17639923,0.000
2024-7-29,13:9:18,218.30,23.44,23.50,21.00,21.75,43.79684066,-70.17639160,0.000
2024-7-29,13:9:31,258.25,23.44,23.44,21.25,21.75,43.79678344,-70.17646026,1.358
2024-7-29,13:9:44,256.65,23.37,23.37,21.25,21.75,43.79677963,-70.17664337,0.916
2024-7-29,13:9:57,193.23,23.37,23.19,21.25,21.75,43.79668045,-70.17677307,1.420
2024-7-29,13:10:10,193.23,23.31,23.06,21.25,21.75,43.79655838,-70.17678070,1.420
2024-7-29,13:10:23,161.74,23.31,23.25,21.25,21.75,43.79655075,-70.17678833,0.000
2024-7-29,13:10:36,161.74,23.31,23.69,21.25,21.75,43.79654312,-70.17678070,0.000
2024-7-29,13:10:49,161.74,23.31,23.75,21.25,22.00,43.79653930,-70.17677307,0.000
2024-7-29,13:11:03,161.74,23.31,23.81,21.25,22.00,43.79653549,-70.17677307,0.000
2024-7-29,13:11:16,161.74,23.25,23.94,21.50,22.00,43.79653549,-70.17677307,0.000
2024-7-29,13:11:29,161.74,23.25,24.12,21.50,22.00,43.79653549,-70.17677307,0.000
2024-7-29,13:11:42,161.74,23.12,23.81,21.25,21.75,43.79653549,-70.17677307,0.000
2024-7-29,13:11:55,161.74,23.06,23.94,21.50,22.00,43.79653549,-70.17677307,0.000
2024-7-29,13:12:08,161.74,23.00,23.81,21.25,22.00,43.79653167,-70.17677307,0.000
2024-7-29,13:12:21,161.74,22.87,23.62,21.50,22.00,43.79653167,-70.17677307,0.000
2024-7-29,13:12:35,161.74,22.81,23.44,21.50,22.00,43.79653167,-70.17677307,0.000
2024-7-29,13:12:48,161.74,22.75,23.37,21.50,22.00,43.79652786,-70.17677307,0.000
2024-7-29,13:13:01,161.74,22.75,23.37,21.50,22.00,43.79652786,-70.17677307,0.000
2024-7-29,13:13:14,161.74,22.87,23.75,21.50,22.25,43.79652786,-70.17678070,0.000
2024-7-29,13:13:27,161.74,23.00,23.50,21.50,22.00,43.79652786,-70.17678070,0.000
2024-7-29,13:13:40,161.74,23.00,23.50,21.50,22.00,43.79652404,-70.17679595,0.000
2024-7-29,13:13:53,221.64,23.12,23.94,21.50,22.25,43.79649353,-70.17682647,2.176
2024-7-29,13:14:06,215.08,23.12,24.56,21.50,22.25,43.79630279,-70.17697906,0.000